"inscriptionId","address","filename"
"d14a04b4356467922037cf752b8514505714d2c179b5dfdf8e55ff1536f25a92i0","bc1pnalg7hmj7rvnulgxl8neqrfaz7cmst7z3wpuyu6hahh2tqnv95cqw2q2sn","ML-Draft-001.webp"
"1c0ff67f1e0aa933b5e9a45f524f991f3c2e78d6cde889ea35d9b688660695c1i0","bc1pnalg7hmj7rvnulgxl8neqrfaz7cmst7z3wpuyu6hahh2tqnv95cqw2q2sn","5.txt"
"c5415a3dd8ab87f6c70c35da9bb0fd58aede574af8ed3b4d8d24ed2df2fa0294i0","bc1pnalg7hmj7rvnulgxl8neqrfaz7cmst7z3wpuyu6hahh2tqnv95cqw2q2sn","2.txt"
"262815776a08856557cc3b3a588533cce738ff22a20947673130ccf8a38c9ba6i0","bc1pnalg7hmj7rvnulgxl8neqrfaz7cmst7z3wpuyu6hahh2tqnv95cqw2q2sn","7.txt"
"20bb2455ff4279e33c915327e29e98a0355bed28c134cd3e67acdbd20e756fe2i0","bc1pnalg7hmj7rvnulgxl8neqrfaz7cmst7z3wpuyu6hahh2tqnv95cqw2q2sn","1.txt"
"dd7240cbdbe470384cd2c9996f2288994e683a5320605e9d4580c6aa7d7328b9i0","bc1pnalg7hmj7rvnulgxl8neqrfaz7cmst7z3wpuyu6hahh2tqnv95cqw2q2sn","3.txt"
"b49edb213a5d34f010bd44c2badf32c95f68e9a4e4d340f8e3468da4103b60b9i0","bc1pnalg7hmj7rvnulgxl8neqrfaz7cmst7z3wpuyu6hahh2tqnv95cqw2q2sn","8.txt"
"9af29abff41e4fe8e48c2f99a99e021a6da15f4b07f56656f3cbdd2d0cdf02d7i0","bc1pnalg7hmj7rvnulgxl8neqrfaz7cmst7z3wpuyu6hahh2tqnv95cqw2q2sn","11.txt"
"c7a08bb03a2d57b0eb2c91a772f2bb0b53f191b5f2c830f4a1cbcb0b1f5b7a9fi0","bc1pnalg7hmj7rvnulgxl8neqrfaz7cmst7z3wpuyu6hahh2tqnv95cqw2q2sn","9.txt"
"a7f7e658d9fa6deeac2aca2649cd28d8ea8b21a3d7399d347dd6aa55a7c409bfi0","bc1pnalg7hmj7rvnulgxl8neqrfaz7cmst7z3wpuyu6hahh2tqnv95cqw2q2sn","15.txt"
"ef828f4857ce8ef71a2c78a459ea8ed9748bdc00c0b6185f7757ab0257a372c7i0","bc1pnalg7hmj7rvnulgxl8neqrfaz7cmst7z3wpuyu6hahh2tqnv95cqw2q2sn","14.txt"
"9b48b7a33978e5e9c67736a24c2c4c253a3623f1b2eb2e6f2ace04707922818ci0","bc1pnalg7hmj7rvnulgxl8neqrfaz7cmst7z3wpuyu6hahh2tqnv95cqw2q2sn","21.txt"
"6f7d508ef2efe6c073cda053b59f20f87f4f87e6ec88ad66208b78c3ed097196i0","bc1pnalg7hmj7rvnulgxl8neqrfaz7cmst7z3wpuyu6hahh2tqnv95cqw2q2sn","20.txt"
"c4c81c95062769d891271cc43e9bb581e9bb7832586be07ea530ed4c72409bf3i0","bc1pnalg7hmj7rvnulgxl8neqrfaz7cmst7z3wpuyu6hahh2tqnv95cqw2q2sn","23.txt"
"79ae477f9dd6faccaa08ab374df2b250420eddba0b772e146f36bd2196db24d5i0","bc1pnalg7hmj7rvnulgxl8neqrfaz7cmst7z3wpuyu6hahh2tqnv95cqw2q2sn","22.txt"
"6e77a5eff107ed9794c18aaea9be8810dd06865d1383b006790d3b4b9962f5d0i0","bc1pnalg7hmj7rvnulgxl8neqrfaz7cmst7z3wpuyu6hahh2tqnv95cqw2q2sn","26.txt"
"f54488bd4602982a8e43e1c065bf6f426e1ac475da6241116672559f35995498i0","bc1pnalg7hmj7rvnulgxl8neqrfaz7cmst7z3wpuyu6hahh2tqnv95cqw2q2sn","28.txt"
"998635f98f7eb6cecceaec234c81803addc38626944e02af14961ded0b690d9di0","bc1pnalg7hmj7rvnulgxl8neqrfaz7cmst7z3wpuyu6hahh2tqnv95cqw2q2sn","30.txt"
"726ef67de1239a5b073cc764be1349065996c6855dffd8f32b8579ce3a7a9540i0","bc1pnalg7hmj7rvnulgxl8neqrfaz7cmst7z3wpuyu6hahh2tqnv95cqw2q2sn","16.txt"
"802c4a9d287ef08bbf1ca6112783ae8bc37144dac2db4305f8c7459e48825afai0","bc1pnalg7hmj7rvnulgxl8neqrfaz7cmst7z3wpuyu6hahh2tqnv95cqw2q2sn","29.txt"
"990367e5512ea19a9f3423152d1737e36e51441406a668803e6f3982b0918fdei0","bc1pnalg7hmj7rvnulgxl8neqrfaz7cmst7z3wpuyu6hahh2tqnv95cqw2q2sn","4.txt"
"c2c0a71679e7416a73f39a9e59b5dac81af06ca1643b84f2f4adb9b5ee2cc038i0","bc1pnalg7hmj7rvnulgxl8neqrfaz7cmst7z3wpuyu6hahh2tqnv95cqw2q2sn","17.txt"
"d7397e49b9e36123fa1eb46168e34032b10e6104dd2c7edb53a32a11e921f436i0","bc1pnalg7hmj7rvnulgxl8neqrfaz7cmst7z3wpuyu6hahh2tqnv95cqw2q2sn","10.txt"
"8c8f7d781178df6343eb226a1f79671d88b6118626dd3c61eb7573f6ad3124c8i0","bc1pnalg7hmj7rvnulgxl8neqrfaz7cmst7z3wpuyu6hahh2tqnv95cqw2q2sn","12.txt"
"9a756d95c1d09810602a1891b8304e89ad208d69b29695cfd0c8ee0c70e6a86fi0","bc1pnalg7hmj7rvnulgxl8neqrfaz7cmst7z3wpuyu6hahh2tqnv95cqw2q2sn","25.txt"
"3429e08f48bcdded2a8d9bba3daddcd4ead5a27370620b7cfd5538c87a06c877i0","bc1pnalg7hmj7rvnulgxl8neqrfaz7cmst7z3wpuyu6hahh2tqnv95cqw2q2sn","19.txt"
"3763b59cd41a2ea8241f68b89b49e6feb85f8951581a602ad9476dc041939ecai0","bc1pnalg7hmj7rvnulgxl8neqrfaz7cmst7z3wpuyu6hahh2tqnv95cqw2q2sn","13.txt"
"63575713cdb8d741797b6a4f808f69380babd3de9c46fd6ed916928e38720ecdi0","bc1pnalg7hmj7rvnulgxl8neqrfaz7cmst7z3wpuyu6hahh2tqnv95cqw2q2sn","24.txt"
"e5f531e6e04ef5e39b46712e95fcd0ad8667e4a51f158f537db708f7957dd6f6i0","bc1pnalg7hmj7rvnulgxl8neqrfaz7cmst7z3wpuyu6hahh2tqnv95cqw2q2sn","27.txt"
"947bb918ead8c25815feb7f12833aba401bb7a1f0f405064e6782145397d950ai0","bc1pnalg7hmj7rvnulgxl8neqrfaz7cmst7z3wpuyu6hahh2tqnv95cqw2q2sn","31.txt"
"fa9a0ad7e6906063c4498bb32c7591c063d3e4e592d46260e5413e15ccb62d7di0","bc1pnalg7hmj7rvnulgxl8neqrfaz7cmst7z3wpuyu6hahh2tqnv95cqw2q2sn","32.txt"
"e9f87c6fbea86fdf85f251ad045e9ae9e25da26d83c3cfcf2a9e9558a8671376i0","bc1pnalg7hmj7rvnulgxl8neqrfaz7cmst7z3wpuyu6hahh2tqnv95cqw2q2sn","33.txt"
"3e18f0c4023c0ece354fb2162aa1b4956ee7afb64ef791d22fca69b8e5108e8ci0","bc1pnalg7hmj7rvnulgxl8neqrfaz7cmst7z3wpuyu6hahh2tqnv95cqw2q2sn","34.txt"
"a4a9c56780235c930d70176aa76cf2086ac7d6163f17bf8b7b0c5419cb4bbb5ai0","bc1pnalg7hmj7rvnulgxl8neqrfaz7cmst7z3wpuyu6hahh2tqnv95cqw2q2sn","35.txt"
"4e94619465fd52290b38c441576b29bd09bf8eaf36f27937ded9ffa7f034f2bfi0","bc1pnalg7hmj7rvnulgxl8neqrfaz7cmst7z3wpuyu6hahh2tqnv95cqw2q2sn","36.txt"
"6afd00d1d8e01c0e89e581e5609278519b90b893d82c160d3b98f913f5b197b4i0","bc1pnalg7hmj7rvnulgxl8neqrfaz7cmst7z3wpuyu6hahh2tqnv95cqw2q2sn","37.txt"
"0c991ffd62ab129891b371c697d45862a4a085a6429cd428969103f2a5afad79i0","bc1pnalg7hmj7rvnulgxl8neqrfaz7cmst7z3wpuyu6hahh2tqnv95cqw2q2sn","38.txt"
"5b24eb7e80c0a1b21fc01d45b4c32f7c626dabc5621597cdf71150d9b8256c92i0","bc1pnalg7hmj7rvnulgxl8neqrfaz7cmst7z3wpuyu6hahh2tqnv95cqw2q2sn","39.txt"
"2b770ad9112caee24c975705edd66349223d7df10e142d832e0be5452bbc4fd9i0","bc1pnalg7hmj7rvnulgxl8neqrfaz7cmst7z3wpuyu6hahh2tqnv95cqw2q2sn","40.txt"
"a8555c16cf1d3721ddd1d5cc08a57620022ae8308113a3566f483097539d3767i0","bc1pnalg7hmj7rvnulgxl8neqrfaz7cmst7z3wpuyu6hahh2tqnv95cqw2q2sn","41.txt"
"6b41208614d72e943ca2caf872cf00048dd77398240b6ecba5dc8b87dfeac333i0","bc1pnalg7hmj7rvnulgxl8neqrfaz7cmst7z3wpuyu6hahh2tqnv95cqw2q2sn","42.txt"
"c111ddae9c50c324d2e2b682f7b85acd759e51e1bfe04c2134d3556d359db043i0","bc1pnalg7hmj7rvnulgxl8neqrfaz7cmst7z3wpuyu6hahh2tqnv95cqw2q2sn","43.txt"
"e60860ff921387614fb6c7427d4319dedeadbf270919639a8864beaa8efe45e6i0","bc1pnalg7hmj7rvnulgxl8neqrfaz7cmst7z3wpuyu6hahh2tqnv95cqw2q2sn","44.txt"
"95b38324e63ada9df6e6bb0056ed51316123a998e55bc90e9263367af83e9551i0","bc1pnalg7hmj7rvnulgxl8neqrfaz7cmst7z3wpuyu6hahh2tqnv95cqw2q2sn","45.txt"
"e21e29ff48a9806f769ddda9742908fd635da48abdc98631103699a2f9742e91i0","bc1pnalg7hmj7rvnulgxl8neqrfaz7cmst7z3wpuyu6hahh2tqnv95cqw2q2sn","46.txt"
"6d9ce1945a9b30071802f64a6564003025f5c3edd0c5dad1fcdcaf61af81ca1ei0","bc1pnalg7hmj7rvnulgxl8neqrfaz7cmst7z3wpuyu6hahh2tqnv95cqw2q2sn","6.txt"
"ee17f4b69a4ae0e3347432424213ae9728eed677b254c8772ecf4c3a5c69df92i0","bc1pnalg7hmj7rvnulgxl8neqrfaz7cmst7z3wpuyu6hahh2tqnv95cqw2q2sn","18.txt"